id,occurred_at,longitude,latitude,category,place
fixture-1,2025-04-01T08:30:00,-73.990,40.750,ROBBERY,STREET
fixture-2,2025-04-01T20:30:00,-73.989,40.750,THEFT,STREET
fixture-2,2025-04-01T20:30:00,-73.989,40.750,THEFT,STREET
fixture-3,2025-02-30T12:00:00,-73.990,40.750,ROBBERY,STREET
fixture-4,2025-04-01T12:00:00,NaN,40.750,ROBBERY,STREET
,2025-04-01T12:00:00,-73.990,40.750,ROBBERY,STREET
fixture-5,2025-04-01T12:00:00,-73.990,40.750,FRAUD,STREET
fixture-6,2025-04-01T12:00:00,-73.990,40.750,ROBBERY,RESIDENCE
fixture-7,2024-04-01T12:00:00,-73.990,40.750,ROBBERY,STREET
fixture-8,2025-04-01T12:00:00,-80.000,40.750,ROBBERY,STREET
fixture-9,2025-03-09T02:30:00,-73.990,40.750,ROBBERY,STREET
fixture-10,2025-04-01T12:00:00Z,-73.990,40.750,ROBBERY,STREET
